marca,descricao,valor_antigo,centavos_ant,valor_novo,centavos_nv,avaliacoes,qnt_avaliacoes
TAYGRA,Taygra Original Para Dança Confortável  Preto - Envio 24hs ,179,90,17,49,4.8,(117)
,Tênis Masculino Esportivo Caminhada Academia Corrida - It,89,90,78,21,4.5,(359)
TRYD,Tênis Para Treino Academia Caminhada Corrida Tryd 5400 Leve,99,99,74,99,4.5,(9403)
ASCENSION,Tênis Esportivo Exercícios Conforto E Estilo,129,54,12,,,
LORENZZO LOPEZ,Tênis Masculino Esportivo Caminhada E Academia Leve,109,90,36,63,,
ASCENSION,Tênis Esportivo Exercícios Conforto E Estilo,129,25,32,,,
UNDER ARMOUR,Under Armour Charged Slight 2 Masculino Adultos,359,99,247,94,4.8,(313)
OLYMPIKUS,Olympikus Treino Proof 3 Masculino Adultos,199,99,151,04,4.8,(1395)
TRYD,Tênis Para Treino Academia Caminhada Corrida Tryd 5400 Leve,99,99,74,99,4.5,(9403)
ASCENSION,Tênis Esportivo Ortopédico Para Academia Treino Dia A Dia,144,90,137,65,4.4,(288)
,Kit Combo 2 Tenis Masculino Academia Caminhada Corrida Top,169,90,152,91,4.6,(1552)
WM,Tenis Masculino Feminino Olimp Exclusivo Pronta Entrega,199,99,19,44,,
ASCENSION,Tênis Esportivo Sola Macia P/ Exercícios Tecido Confortável,129,90,12,63,,
FILA,Tênis Masculino De Corrida Racer Comet Fila,420,,42,,,
NIKE,Tênis Nike Revolution 7 Masculino,399,99,38,78,,
FILA,Fila Retro Sport 2.0 V2 Masculino Adultos,290,69,28,18,,
FILA,Tênis Masculino De Corrida Racer Comet Fila,407,40,39,50,,
ASCENSION,Tênis Esportivo Sola Macia P/ Exercícios Tecido Confortável,129,90,32,48,,
LORENZZO LOPEZ,Tênis Masculino Para Esportes Corrida E Caminhada ,69,90,6,79,,
LORENZZO LOPEZ,Tênis Masculino Para Academia Homem Atividade Física,78,90,26,30,,
MARATHON,Tênis Masculino Marathon Velocity Esportivo Academia Corrida,199,90,19,43,,
NIKE,Tênis Nike Air Max Sc Masculino,389,99,39,,4.8,(403)
VIA LIVRE,Tênis Masculino Advanced Running Ultra Leve Macio Academia,131,90,117,39,,
ADIDAS,Tenis Esportivo adidas Confortável Para Caminhada Corrida,599,99,443,99,,
ADIDAS,Tênis De Corrida Esportivo adidas Alphaedge Original,599,99,443,99,,
ADIDAS,Tênis adidas Alphaedge + Bege E Laranja - Masculino,599,99,443,99,,
LORENZZO LOPEZ,Kit Tênis Masculino Esportivo Academia E Corrida + Brindes,129,90,12,63,,
LORENZZO LOPEZ,Kit 3 Tênis Masculino Esportivo Academia E Caminhada Confort,179,90,17,49,,
OLYMPIKUS,Tênis Olympikus Esportivo Clic Corrida Caminhada Academia,240,50,23,38,,
MIZUNO,Kit Tênis De Corrida Mizuno Dynasty 6 E Meia,499,99,48,47,,
ADIDAS,Tênis adidas Alphaedge + Masculino - Original,599,99,443,99,,
FILA,Tênis Fila De Corrida Racer Comet Original Masculino Com Nf,349,99,283,49,,
FILA,Tênis Fila Racer Comet Preto Azul Coral Academia - Masculino,349,99,283,49,,
FILA,Tênis Fila Masculino Racer Comet Corrida Caminhada Conforto,349,99,283,49,,
FILA,Tênis Fila Racer Comet Preto Azul E Coral - Masculino,349,99,283,49,,
ADIDAS,Tênis De Academia Masculino adidas Alphaedge Confortável,599,99,401,99,,
ADIDAS,Tênis adidas Alphaedge Original Leve E Confortavel Corrida,599,99,401,99,,
ADIDAS,Tênis adidas Corrida Caminhada Masculino Confortável,599,99,401,99,,
ADIDAS,Tênis adidas Masculino Corrida Caminhada Confortável Macio,599,99,401,99,,
FILA,Tênis Esportivo Fila Racer Comet Preto Corrida Caminhada,349,99,255,49,,
FILA,Novo Tênis Fila Racer Comet Esportivo Para Corrida Running,349,99,255,49,,
FILA,Tênis Fila Racer Comet Preto Corrida Caminhada - Masculino,349,99,255,49,,
LORENZZO LOPEZ,Tênis Masculino Para Academia E Caminhada Super Leve,109,90,10,68,,
UNDER ARMOUR,Tênis Under Armour Tribase Cross Se Masculino Academia,549,90,479,90,,
OLYMPIKUS,Tênis Masculino Olympikus Perfect 3 Preto E Chumbo,345,75,34,58,,
FILA,Tênis Mas Fila Running Comet Corrida Número 45 46 47 48,349,90,33,92,,
MARATHON,Tênis Masculino Marathon Max Ok Esportivo Anti Impacto Leve,199,90,129,93,,
FILA,Tenis Masc New Racer Wings Numeração Especial 45 46 47 48,249,50,24,25,,
MIZUNO,Mizuno Wave Mirai 5 Masculino Adultos,499,90,323,42,4.5,(523)
LORENZZO LOPEZ,Kit 3 Tênis Masculino Para Academia E Corrida ,199,90,139,93,,
LORENZZO LOPEZ,Tênis Masculino Para Academia E Corrida Super Macio E Leve,39,90,13,30,,
MIZUNO,Mizuno Space 3 Masculino Adultos,199,17,33,,4.8,(1417)
OLYMPIKUS,Olympikus Treino Dynamic Masculino Adultos,279,99,150,99,4.8,(5671)
VIA LIVRE,Tênis Masculino Advanced Running Ultra Leve Academia,131,90,117,39,,
EVOLTENN,Kit 3 Pares Tênis Esportivo Masculino Evoltenn Style Corrida,188,90,174,90,4.4,(1505)
PUMA,Puma Cell Divide V2 BDP Masculino Adultos,499,90,331,54,4.7,(69)
OUSY SHOES,Kit 3 Tênis Caminhada Training Leve Masculino ,229,90,167,82,4.5,(751)
FILA,Tenis Masc New Racer Wings Numeração Especial 45 46 47 48,249,50,24,25,,
OLYMPIKUS,Olympikus Voa 2 Masculino Adultos,299,99,198,54,4.8,(260)
DM DAMANDO,Tenis Masculino Confortavel/academia/crossfit + Relógio,77,90,74,67,4.5,(4609)
UNDER ARMOUR,Under Armour Tribase Cross Masculino Adultos,499,99,349,99,4.7,(375)
OLYMPIKUS,Olympikus Neblina Masculino Adultos,324,99,259,99,4.8,(33)
,Tenis Olimp Esportivo Masculino Feminino Leve E Macio,78,90,7,67,4.1,(5412)
UNDER ARMOUR,Tênis Under Armour Essential 2 Original Academia Masculino,262,49,206,90,4.8,(196)
,Tênis Zoom Fitness Masculino Esportivo Promoção Confortável,78,90,59,96,4.3,(60)
TAYGRA,Taygra Original Para Dança Confortável  Preto - Envio 24hs ,179,90,17,49,4.8,(117)
OLYMPIKUS,Olympikus Perfect 3 Masculino Adultos,259,99,194,99,4.8,(209)
,Kit Combo 2 Tenis Masculino Academia Caminhada Corrida Top,169,90,152,91,4.6,(1552)
MIZUNO,Mizuno Wave Mirai 5 Masculino Adultos,499,90,323,42,4.5,(523)
ASCENSION,Tenis Masculino E Feminino De Caminhada Ortopedico Crossfit,68,67,22,,4.7,(1990)
LORENZZO LOPEZ,Kit 3 Tênis Masculino Para Academia E Corrida ,199,90,139,93,,
LORENZZO LOPEZ,Tênis Masculino Para Academia E Corrida Super Macio E Leve,39,90,13,30,,
UNDER ARMOUR,Under Armour Pacer Masculino Adultos,449,99,217,34,4.6,(587)
FILA,Tênis Running Masculino Kr6 Fila Vermelho,753,41,75,34,,
MIZUNO,Tênis Masculino Running Mizuno Wave Mirai 5,617,53,61,75,,
,Tênis Masculino Corrida Caminhada Academia Macio Barato Top,51,90,44,65,4.4,(3392)
MIZUNO,Tênis Masculino Mizuno Wave Disnasty 5 Preto E Vermelho,592,82,59,28,,
,Tenis Sapatilha Bike Pesca Corrida Academia Neoprene Confort,53,67,17,,4.6,(389)
OLYMPIKUS,Tênis Running Masculino Original Lap Olympikus Preto,284,56,31,,,
FILA,Fila KR6 Masculino Adultos,599,40,359,84,4.7,(158)
ASCENSION,Tenis Ortopedico Masculino Corrida Caminhada Academia Treino,119,67,110,76,4.4,(111)
OLYMPIKUS,Olympikus Express Masculino Adultos,274,99,217,79,4.7,(230)
MIZUNO,Mizuno Space 3 Masculino Adultos,199,17,33,,4.8,(1417)
OLDSEN,Tênis Masculino Academia Esportivo Caminhada Academia ,78,90,67,06,4.3,(141)
,Tenis Sport Titanium  Original - Esportivo,78,90,61,75,4.5,(3427)
OLYMPIKUS,Olympikus Eros Masculino Adultos,237,49,174,98,4.8,(1220)
FILA,Fila Magnus Masculino Adultos F01AT00021,246,38,197,10,4.7,(506)
,Tenis Esporte Academia Corrida Caminhada Confortável Leve,69,90,6,79,4.5,(364)
BOX200,Tênis Masculino Tamanho Especial Esporte Caminhada Box 200,89,90,76,41,4.5,(577)
SAPATOFRAN,Tênis Masculino Esportivo Academia Kit C/meia Lupo + Relógio,107,90,10,49,4.3,(2442)
,Tenis Feminino Casual Nyc Shoes Masculino Moda Adulto,109,90,75,83,4.5,(3951)
REEBOK,Tenis Reebok Nano Flex Tr V2 Masculino 100033771,599,44,59,94,4.3,(3)
ADIDAS,adidas Galaxy 6 Masculino Adultos,399,99,369,54,4.8,(128)
,Tênis Masculino Olymp Olimp Space Caminhada Barato Promoção ,78,99,61,93,4.3,(2211)
OLYMPIKUS,Tênis Olimpikus Olympikus Flash Confortavel Envio Imediato ,95,99,9,33,4.3,(163)
ASICS,Asics Gel-Rebound Masculino Adultos,399,10,359,91,4.5,(13)
BF SHOES,Tênis Esportivo Masculino Para Malhar Confortável Lançamento,78,90,69,90,4.5,(1847)
EVOLTENN,Kit 3 Pares Tênis Esportivo Masculino Evoltenn Style Corrida,188,90,174,90,4.4,(1505)
OLYMPIKUS,Olympikus Cyber 3 Masculino Adultos,199,99,180,50,4.7,(34)
OLYMPIKUS,Olympikus Aquarios Masculino Adultos,249,99,117,79,4.8,(913)
EVOLTENN,Tenis Academia Corrida Original Caminhada Evoltenn Crossfit,78,90,71,01,4.5,(3358)
OLDSEN,Tenis Masculino Casual Macio Caminhada Treino Oldsen Bmax ,78,99,75,04,4.2,(72)
OUSY SHOES,Kit 3 Tênis Caminhada Training Leve Masculino ,229,90,167,82,4.5,(751)
OLDSEN,Tênis Masculino Jaguar Oldsen Treino Corrida Promoção Top,78,97,75,02,4.4,(2853)
PUMA,Puma St Runner V3 Masculino Adultos,437,49,328,11,4.9,(7)
OLIMPAK,Tênis Esportivo Masculino Olimpak Para Caminhada Academia,106,10,100,79,4.4,(3175)
,Tênis Esporte Masculino Pronta Entrega Barato,66,90,61,54,4.4,(1288)
OLYMPIKUS,Olympikus Treino Dynamic Masculino Adultos,279,99,150,99,4.8,(5671)
TAYGRA,Taygra Original Para Dança Confortável  Preto - Envio 24hs ,179,90,17,49,4.8,(117)
,Kit Combo 2 Tenis Masculino Academia Caminhada Corrida Top,169,90,152,91,4.6,(1552)
,Tenis Mulher Homem Unissex Corrida Caminhada Leve Barato,53,70,47,62,4.5,(979)
OLDSEN,Tenis Unissex Infantil Jaguar Corrida Academia Treino 34-43,78,90,74,95,4.6,(820)
,Tenis Feminino Masculino Olimp Academia Leve Confortável,69,99,6,80,4.4,(1044)
,Tênis Esportivo On Shoes Masculino/feminino ,77,80,60,80,4.7,(4650)
VIA LIVRE,Tênis Masculino Advanced Running Ultra Leve Academia,131,90,117,39,,
HAYMAX,Tênis Skatista Masculino Feminino Old School Envio Imediato,99,99,89,99,4.5,(768)
OLYMPIKUS,Tênis Olympikus Dynamic Masculino Original Com Nota Fiscal,259,78,241,59,4.9,(152)
,Tenis Olimp Esportivo Masculino Feminino Leve E Macio,78,90,7,67,4.1,(5412)
OLYMPIKUS,Tênis Masculino Olimp Treino Academia Leve Macio - Olympikus,229,99,188,59,4.8,(617)
FILA,Tênis Fila Racer Nairobi Preto Cinza E Verde - Masculino,379,99,296,39,4.6,(46)
BF SHOES,Tênis Branco Lançamento Original Confortável,99,88,79,90,4.6,(7112)
OLDSEN,Tenis Masculino Unissex Botinha Corrida Academia Promoção,78,90,71,01,4.5,(836)
OLYMPIKUS,Tênis Neblina Olympikus Corrida Trilha Masculino Adulto,324,99,259,99,4.6,(39)
,Tenis Para Caminhada Academia Corrida Treino - Leve E Macio,68,90,63,65,4.5,(228)
DIX, Tênis Maculino Academia Promoção R-4200 - Kit 2 Pares,139,90,132,90,4.2,(551)
OLYMPIKUS,Olympikus Casual Index 3 Masculino Adultos 43611218_1-004,189,99,135,84,4.8,(947)
OLYMPIKUS,Tênis Olympikus Cyber Original,259,99,185,25,,
,Tênis Cross Tryd 5400 Academia Caminhada Confortável Leve,99,99,69,99,4.5,(1513)
LORENZZO LOPEZ,Kit 3 Tênis Masculino Para Academia E Caminhada Levíssimo,179,90,149,31,,
LORENZZO LOPEZ,Tenis Masculino Caminha E Academia Super Leve Na Promoção,39,90,35,91,4.8,(4)
OLDSEN,Tenis Masculino Lançamento Original Confortavel Tecido 38-45,78,95,75,29,4.3,(497)
OLYMPIKUS,Olympikus Treino Venum Sem gênero Adultos,183,38,157,30,4.8,(381)
REEBOK,Tenis Reebok Nano Flex Tr V2 Masculino 100033770,599,44,58,12,,
PUMA,Tênis Puma Flyer Runner Mesh Bdp Masculino Original ,329,90,283,71,5.0,(5)
DM DAMANDO,Kit Tenis Confortavel Masculino P/academia Corrida + Relógio,78,90,26,30,4.6,(185)
OLYMPIKUS,Tenis Masculino Olympikus Proof ,247,85,188,36,4.8,(246)
OLYMPIKUS,Tênis Masculino E Feminino Corre Trilha Olympikus Novo,599,99,478,99,5.0,(2)
DM DAMANDO,Tenis Masculino Esportivo Black Academia Corrida Caminhada,72,90,64,60,4.4,(33)
OLYMPIKUS,Olympikus Marte Masculino Adultos,189,99,159,59,4.7,(240)
FILA,Fila KR6 Feminino Adultos,547,44,427,40,4.8,(11)
,Tenis Mulher Homem Unissex Corrida Caminhada Leve Barato,53,70,47,62,4.5,(979)
OLYMPIKUS,Tenis Infantil Olympikus Cyber ,249,90,199,92,,
ASCENSION,Tênis Ortopédico Masculino Feminino Asc Original Calce Fácil,129,90,106,51,4.7,(101)
OLYMPIKUS,Tênis Masculino Olympikus Estilo Esportivo Caminhada,274,99,217,79,4.7,(87)
OLYMPIKUS,Tênis Masculino Olympikus Cyber 4 Academia Caminhada,265,90,239,40,,
OLYMPIKUS,Tenis Masculino Olympikus Beats Supporter Evasense - Oficial,377,85,251,75,4.8,(50)
OLDSEN,Tenis Masculino Infantil Jaguar De Corrida Academia 34-43,78,90,63,12,4.6,(562)
ADIDAS,Tênis adidas Alphaedge + Bege E Laranja - Masculino,599,99,443,99,,
ADIDAS,Tenis Esportivo adidas Confortável Para Caminhada Corrida,599,99,443,99,,
ADIDAS,Tênis adidas Alphaedge + Masculino - Original,599,99,443,99,,
ADIDAS,Tênis adidas Alphaedge Original Leve E Confortavel Corrida,599,99,443,99,,
WM,Tenis Revelation Masculino Feminino Promoção Pronta Entrega,109,99,10,69,4.5,(63)
OLYMPIKUS,Tênis Masculino Olimp Treino Academia Leve Macio - Olympikus,229,99,188,59,4.8,(617)
T-SHOES,Tênis Extremecross Speed Trekking Trilha Ciclismo Corrida,174,49,151,80,4.5,(214)
UNDER ARMOUR,Tênis Sport Under Armour Charged Skyline 4 Original Treino,412,49,329,99,5.0,(3)
PUMA,Puma Cell Divide V2 BDP Masculino Adultos,499,90,331,54,4.7,(69)
ASICS,Asics Gel-Rocket 10 Masculino Adultos,549,90,54,,4.6,(124)
OLYMPIKUS,Tênis Masculino Olympikus Original Academia Preto Adulto ,212,49,159,60,4.7,(783)
FILA,Tênis Fila Corrida Kr6 Masculino Running Ultra Leve Original,599,99,473,99,4.5,(13)
OLYMPIKUS,Olympikus Diffuse 5 Masculino Adultos,239,99,34,28,4.8,(308)
OLYMPIKUS,Tenis Masculino Olympikus Volcan Ultra Leve Para Training,241,16,167,20,4.7,(271)
FILA,Fila Recovery Masculino Adultos,407,90,265,05,4.7,(2063)
SAPATOFRAN,Tênis Masculino Esportivo Academia Kit C/meia Lupo + Relógio,107,90,10,49,4.3,(2442)
EVOLTENN,Kit 3 Tênis Desportivo Solado Trançado Macio Envio Imadiato,189,90,170,91,4.0,(28)
UNDER ARMOUR,Tênis Under Armour Academia Caminhada Masculino Charged 2,262,49,209,99,4.8,(323)
WM,Tenis Olimp Masculino Feminino Lançamento Muito Envio Rápido,109,99,36,66,3.8,(12)
FILA,Fila Recovery Masculino Adultos,407,90,265,05,4.7,(2063)
FILA,Tênis Fila Racer Nairobi Preto Cinza E Verde - Masculino,379,99,296,39,4.6,(46)
OLYMPIKUS,Olympikus Treino Volcan Masculino Adultos,164,99,16,04,4.7,(813)
LYND,Tênis Esportivo Masculino Corrida Caminhada- Vent 424,199,90,149,92,4.4,(83)
OLDSEN,Tênis Masculino Para Correr Caminhar Colorado Oferta Barato ,78,90,67,06,4.2,(714)
FILA,Tênis Fila Masculino Esportivo Diversas Opções - Oferta,249,99,224,99,,
OLYMPIKUS,Tenis Masculino Olympikus Volcan Ultra Leve Para Training,241,16,167,20,4.7,(271)
OLYMPIKUS,Tênis Masculino Olimp Confortável Corrida E Caminhada Macio,229,30,160,58,4.8,(1838)
,Kit 2 Pares Tênis Feminino E Masculino Casual Old Off Star,159,90,98,53,4.0,(159)
,Tenis Masculino Feminino Juvenil Academia Macio Confortável ,70,99,6,90,4.5,(522)
OLYMPIKUS,Tênis Olympikus Dynamic Masculino Original,319,90,223,93,4.7,(371)
UNDER ARMOUR,Tênis Under Armour Essential 2 Original Academia Masculino,262,49,206,90,4.8,(196)
ADIDAS,Tênis De Corrida Esportivo adidas Alphaedge Original,599,99,401,99,,
ADIDAS,Tênis adidas Masculino Corrida Caminhada Confortável Macio,599,99,401,99,,
ADIDAS,Tênis De Corrida adidas Alphaedge+ Lançamento Original,599,99,401,99,,
ADIDAS,Tênis De Academia Masculino adidas Alphaedge Confortável,599,99,401,99,,
,Tênis Masculino Academia Caminhada Corrida Training Bylbow,78,90,72,58,4.6,(3030)
ACTVITTA,Tênis Masculino Calce Fácil Slip On Esportivo Original,129,88,97,41,4.5,(42)
OLYMPIKUS,Tênis Olympikus Masculino Zex Original - Confortável,229,99,190,89,4.9,(17)
OLYMPIKUS,Olympikus Voa 2 Feminino Adultos,299,99,33,33,4.9,(111)
ASCENSION,Tenis Masculino Leve Confotavel Dia A Dia Para Treino,109,90,36,63,4.5,(139)
NEW BALANCE,Tenis Masculino New Balance Bb80 Classico Macio - Original,409,40,347,99,,
DM DAMANDO,Combo Tenis Masculino Espotivo Running Academia + Relógio,78,90,70,30,4.5,(25)
FILA,Tênis Fila Masculino Recovery Esportivo Confortável Original,379,99,36,84,,
,Tenis Feminino E Masculino Casual Old Estilo Off Star Oferta,59,90,53,20,4.2,(147)
,Tenis Olimp Masculino Academia Mega Fast Corrida Confortavel,119,90,88,35,4.2,(308)
UNDER ARMOUR,Tênis Masculino Charged Skyline 3 Se Under Armour Oferta,379,99,178,99,4.8,(162)
OLYMPIKUS,Tênis Olympikus Casual Olimpicos Confortável Pra Corrida Nfe,229,99,193,19,4.8,(644)
,Tenis Masculino Confortavel Leve Academia Promoçao Original,99,90,79,92,4.5,(125)
OLYMPIKUS,Tênis Esportivo Masculino E Feminino Taurus Olympikus Novo,279,99,222,99,,
UNDER ARMOUR,Tênis Under Armour Academia Caminhada Masculino Charged 2,262,49,209,99,4.8,(323)
REEBOK,Tenis Reebok Nano Flex Tr V2 Masculino 100033531,599,44,58,12,,
OLYMPIKUS,Olympikus Poseidon Masculino Adultos,194,80,18,93,4.7,(588)
BF SHOES,Tênis Para Academia Masculino Caminhada Esportivo Bf Shoes,89,90,64,90,4.7,(6)
,Tenis Masculino Feminino Academia Leve Macio Confortável,68,99,6,71,4.5,(1597)
OLYMPIKUS,Tênis Caminhada Masculino Olympikus Esportivo Oferta Macio,279,99,187,59,4.9,(28)
ESTILO SHOES,Tenis Masculino Academia Caminhada Corrida Estilo Shoes,78,49,26,16,,
MARATHON,Tênis Masculino Marathon Infinity Esportivo Corrida Academia,199,90,19,43,,
REEBOK,Tênis Masculino Royal Complete Sport Reebok Novo,329,99,236,99,4.9,(13)
OLYMPIKUS,Olympikus Asfalto Masculino Adultos,249,99,31,25,,
OUSY SHOES,Kit Tênis Masculino Caminhada 3 Pares Easy Confortável Combo,229,90,159,90,4.5,(5463)
FILA,Tênis De Corrida Masculino Recovery Fila ,366,90,295,44,4.7,(44)
OLYMPIKUS,Olympikus Corre 3 3 Sem gênero Adultos,499,99,50,,4.9,(250)
UNDER ARMOUR,Tênis Masculino E Feminino Tribase Reps Under Armour Novo,449,99,358,99,5.0,(2)
,Tênis Masculino Esportivo Caminhada Academia Corrida,89,90,78,21,4.5,(492)
,Tênis Para Treino Academia Caminhada Corrida Tryd 7000 Leve,109,99,94,05,4.5,(347)
OLYMPIKUS,Tênis Masculino Olympikus Index 3 Corrida Original Esportivo,237,49,180,49,,
OLYMPIKUS,Olympikus Casual Soma Masculino Adultos,208,89,184,30,4.5,(10)
OLDSEN,Tenis Corrida Casual Insanity Leve Confortável Macio 34-43,78,90,63,12,4.5,(266)
OLYMPIKUS,Olympikus Corre 3 Sem gênero Adultos,499,90,49,,4.8,(39)
REEBOK,Tênis Masculino Royal Complete Sport Reebok Novo,329,99,236,99,4.9,(13)
ASCENSION,Tenis Masculino Leve Confotavel Dia A Dia Para Treino,109,90,36,63,4.5,(139)
ASCENSION,Tenis Ortopedico Masculino Corrida Caminhada Academia Treino,119,67,110,76,4.4,(111)
OLYMPIKUS,Tênis Masculino Dynamic Azul-marinho Olympikus ,279,99,210,99,4.8,(594)
OLYMPIKUS,Tenis Masculino Olympikus Dynamic,249,99,229,75,4.8,(276)
POLO JOY,Tenis Meia Polo Joy Masculino Caminhada Original Confortavel,129,99,123,49,4.7,(12)
FILA,Tênis Fila Original Action Masculino Corrida Treino Sport,233,76,184,30,4.2,(24)
OLDSEN,Tenis Corrida Casual Insanity Leve Confortável Macio 34-43,78,90,74,95,4.2,(69)
SAPATOFRAN,Tênis Sapatênis Esportivo Para Academia X-try Original Leve,84,90,8,25,4.1,(321)
TRYD,Tênis Para Treino Academia Caminhada Corrida Tryd 5400 Leve,99,99,74,99,4.5,(9403)
,Tenis Para Caminhada Academia Corrida Treino - Leve E Macio,68,90,63,65,4.5,(228)
OLYMPIKUS,Tênis Masculino Olympikus Original Academia Preto Adulto ,212,49,159,60,4.7,(783)
FILA,Tênis Fila Fire Masculino / Feminino - Original ,349,99,248,49,4.5,(6)
OLYMPIKUS,Tenis Olympikus Masculino Index 3 Original Lançamento + Nf,199,99,159,99,4.7,(153)
OLYMPIKUS,Tênis Olympikus Masculino Volcan Original,211,10,168,88,4.6,(145)
MARATHON,Tênis Esportivo Academia Marathon Max 2 Ok Anti Impacto Leve,169,90,111,15,4.5,(26)
TMC,Tênis Masculino Academia Olympiko Esportivo Barato Original,78,90,61,54,4.4,(180)
OLYMPIKUS,Tênis Masculino Olympikus Marte,199,98,189,98,4.7,(20)
RAINHA,Tênis Rainha Vl 2500 Futsal Vôlei Academia Capoeira Corrida,78,90,7,67,4.6,(748)
OLYMPIKUS,Tênis Masculino Olimp Confortável Corrida E Caminhada Macio,229,30,160,58,4.8,(1838)
OLYMPIKUS,Olympikus Perfect 4 Preto Original® Adultos,279,90,249,11,,
FILA,Tênis Fila Float Prime Masculino Adulto Confortável Original,344,90,253,65,4.7,(366)
OUSY SHOES,Tênis Caminhada Training Leve Masculino + Boné + Relógio,129,90,81,87,4.3,(404)
UNDER ARMOUR,Tenis Masculino Under Armour Charged Hit Abrasion - Original,499,75,389,80,4.7,(45)
FILA,Tênis Fila Kr6 Corrida Caminhada Academia | Envio Rápido,599,40,359,84,5.0,(6)
DIX,Tênis Para Academia Masculino Malhar Corrida Promoção,66,90,63,55,4.5,(1577)
FILA,Fila Running Progress Masculino Adultos,394,90,296,17,4.7,(176)
ADIDAS,adidas Runfalcon 3.0 Masculino Adultos,389,90,292,42,4.7,(508)
MIZUNO,Tenis Masculino Mizuno Space Confortável E Macio - Original,385,57,273,75,4.8,(184)
OLYMPIKUS,Tênis Olympikus Masculino Triunfo 2 Original,255,55,170,99,4.8,(68)
,Tênis Esporte Masculino Amortecedor Gel Conforto Academia,89,90,67,42,4.4,(500)
OLYMPIKUS,Olympikus Casual Jogging 100 Sem gênero Adultos OBTN068_1-012,229,99,182,99,4.7,(2779)
FILA,Tênis Fila Efecto Masculino / Feminino - Original,299,99,224,99,5.0,(5)
FILA,Fila Spitfire 3 Masculino Adultos,609,99,479,99,,
WM,Tenis Feminino Masculino Olimp Lançamento Super Promoção ,99,99,9,72,5.0,(3)
,Tênis Masculino Esportivo Caminhada Academia Corrida - It,89,90,78,21,4.5,(359)
ON RUNNING,Tênis On Running Cloud Blue Denim,599,90,59,99,5.0,(2)
FILA,Tenis Masculino Fila Float Maxxi 2 Duomesh Grip - Original,787,25,590,43,,
OLYMPIKUS,Tenis Masculino Olympikus Diffuse Hypersox Macio - Original,377,85,233,70,4.7,(69)
,Sapatilha Aquatica Neoprene Secarapido Sola Forte Confort,52,90,17,63,4.6,(713)
FILA,Fila Racer T2 Masculino Adultos,599,90,319,93,4.9,(89)
WM,Tenis Masculino Feminino Olimp Exclusivo Pronta Entrega,199,99,19,44,,
,Sapatenis Kit 3 Pares + Relogio Mais Barato Do Brasil,169,90,139,31,3.8,(4)
MIZUNO,Tênis Masculino Corrida Mizuno Wave Stratos 2 Esportivo,849,90,798,90,,
MIZUNO,Mizuno Wave Rider 26 Masculino Adultos,1.099,90,723,90,,
,Tênis Bolsonaro : Liberdade Style Super Confortável ,169,90,33,98,4.8,(97)
OLYMPIKUS,Olympikus Jogging 100 Masculino Adultos,210,33,168,,4.5,(59)
TAYGRA,Taygra Original Para Dança Confortável  Preto - Envio 24hs ,179,90,17,49,4.8,(117)
ADIDAS,Tênis Masculino Lite Racer 3.0 adidas Oferta,299,99,221,34,4.7,(764)
ASCENSION,Tênis Esportivo Ortopédico Para Academia Treino Dia A Dia,144,90,137,65,4.4,(288)
FILA,Tênis Fila Progress Masculino Preto,359,90,35,99,,
,Tênis Esportivo It Shoes Amortecedor Gel Masculino,78,90,7,67,4.5,(544)
OLYMPIKUS,Olympikus Corre 3 Masculino Adultos,499,99,50,,4.5,(126)
UNDER ARMOUR,Tenis Under Armour Tribase Lift Verde Preto,480,40,384,,,
,Tenis Sport Titanium  Original - Esportivo,78,90,61,75,4.5,(3427)
LYND,Tênis Esportivo Masculino Corrida Caminhada- Vent 424,199,90,149,92,4.4,(83)
ASCENSION,Tenis Masculino E Feminino De Caminhada Ortopedico Crossfit,68,67,22,,4.7,(1990)
UNDER ARMOUR,Tênis Under Armour Charged Skyline 4 Masculino Caminhada,399,90,349,90,,
OLYMPIKUS,Tenis Olympikus Masculino Soma,219,55,179,91,4.9,(12)
MIZUNO,Mizuno Wave Falcon 5 Masculino Adultos,431,80,259,11,4.8,(12)
FILA,Tênis Fila Racer Carbon 2 Masculino Verde,1.099,64,106,,,
ADAPTION,Adaption Limited Masculino Adultos,72,99,7,09,4.4,(463)
OLYMPIKUS,Tênis Masculino Olympikus Rayo Original,269,99,202,49,5.0,(2)
OLYMPIKUS,Tênis Masculino Olympikus Original Academia Preto Adulto ,212,49,159,60,4.7,(783)
BF SHOES,Tênis Para Academia Masculino Caminhada Esportivo Bf Shoes,89,90,64,90,4.7,(6)
,Kit Tenis Masculino Academia + Relógio Digital Led + Meia,149,90,114,71,4.4,(472)
FILA,Tênis Esportivo Masculino Confortável Corrida Fila Original,319,90,31,01,,
OLYMPIKUS,Olympikus Lightspeed Sem gênero Adultos,110,,99,,4.5,(94)
OLYMPIKUS,Olympikus Only 2 Masculino Adultos,199,99,151,99,4.7,(1734)
,"Tenis New Luxxor Masculino Academia Caminhada Corrida,",54,90,46,66,4.2,(2505)
OLYMPIKUS,Tênis Olympikus Corre 3 Unissex,499,99,50,,4.9,(282)
ZEUZ,Tênis Masculino Leve Esportivo Conforto Dia A Dia Elástico,89,90,29,97,4.5,(4)
OLYMPIKUS,Olympikus Corre Grafeno 2 Masculino Adultos,539,90,52,34,4.7,(17)
FILA,Tênis Fila Kr6,399,90,39,99,,
MIZUNO,Tênis Masculino Corrida Mizuno Wave Stratos 2 Esportivo,849,90,773,40,,
OLYMPIKUS,Tênis Olympikus Triunfo 3 Masculino Cinza,209,90,34,98,,
VANELLI,Kit 2 Pares Tênis Masculino Esportivo Leve Macio Promoção,142,90,135,75,4.6,(63)
,Tênis Zoom Fitness Masculino Esportivo Promoção Confortável,78,90,59,96,4.3,(60)
FILA,Tênis Fila Venture Tracer Masculino Esportivo,444,33,44,43,,
ON RUNNING,Tênis On Running Cloud X Alloy,599,90,59,99,4.9,(7)
MIZUNO,Mizuno Cool Ride Masculino Adultos,262,75,32,,4.7,(815)
,Kit Tenis Masculino Academia + Relógio Digital Led + Meia,149,90,114,71,4.4,(472)
OLYMPIKUS,Tênis Olympikus Aquarius Masculino Adulto Corrida Treino,237,49,169,90,4.8,(45)
UNDER ARMOUR,Under Armour Spawn 3 Masculino Adultos,359,90,323,91,,
OLYMPIKUS,Olympikus CORRIDA Reverso 2 Masculino Adultos,369,90,277,42,4.9,(35)
ELLUS,Tênis Ellus Masculino Ray Preto,569,99,469,99,,
OLYMPIKUS,Tenis Masculino Olympikus Index 3 Lançamento Original + Nf,211,10,153,20,4.7,(13)
OLYMPIKUS,Tênis Running Masculino Olympikus Pride 3 Branco E Cinza,493,99,49,40,,
NB,Tênis Masculino New Balance 997s Sport Anatómico Macio ,209,99,194,99,5.0,(2)
,Tênis Bolsonaro Masculino Feminino Patriota Style Super Leve,199,90,33,32,4.7,(132)
,Tenis Esporte Corrida Academia Caminhada Conforto + Relogio,59,90,5,82,,
ADIDAS,Tênis adidas Terrex Ax2s Original Masculino,599,90,59,99,,
ON RUNNING,Tênis On Running Cloud X 2.0,599,90,59,99,4.9,(36)
MIZUNO,Tênis Mizuno Corrida Atlantis Masculino 101064064 Branco,374,99,299,99,,
OLYMPIKUS,Tênis Olympikus Masculino Cyber 4 Confortável Macio Leve ,269,99,194,58,,
OLYMPIKUS,Tenis Masculino Olympikus Poseidon Confortavel - Original,220,22,189,38,4.7,(176)
ADAPTION,Adaption Easy Masculino Adultos,49,90,4,84,4.3,(1387)
HARD,"Tenis Masculino, Corrida Esportivo Levinho Novo Lançamento",129,98,79,66,4.1,(48)
OLYMPIKUS,Tênis Olympikus Estilo 2 Preto,209,90,34,98,5.0,(2)
UNDER ARMOUR,Tênis Under Armour Charged Quicker Masculino Azul,359,90,35,99,5.0,(2)
ZEUZ,Tênis Masculino Esportivo Caminhada Academia Musculação Leve,80,33,7,81,4.4,(5)
UNDER ARMOUR,Tenis Under Armour Basket Dagger Preto Verde Ouro,349,90,279,92,,
SALOMON,Tênis Salomon S Lab Unissex Corrida,899,90,854,90,,
FILA,Tênis Fila F Virtuous Masculino Preto,359,90,35,99,,
FILA,Tênis Fila Classic Runner Sl Masculino Branco,289,90,32,21,,
FILA,Tenis Fila Racer Comet Preto,299,90,33,32,,
,Sapatilha Híbrida Aquática Pesca Neoprene Trilha Bike Praia,53,67,17,,4.6,(204)
ON RUNNING,Tênis De Corrida On Running Cloud 5 Masculino Fog/alloy 12x,949,90,94,,,
TRYD,Tênis Para Treino Academia Caminhada Corrida Tryd 5400 Leve,99,99,74,99,4.5,(9403)
OUSY SHOES,Kit Tênis Masculino Caminhada 3 Pares Easy Confortável Combo,229,90,159,90,4.5,(5463)
,Tênis Masculino Esportivo Caminhada Academia Corrida - It,89,90,78,21,4.5,(359)
ON RUNNING,Tênis De Corrida On Running Cloud 5 Masculino Fog/alloy 12x,949,90,94,,,
CREATION,Combotênis Academia Creation 20 Combo De 3 Pares Confortável,199,90,33,32,4.1,(202)
OLYMPIKUS,Tênis Masculino Esportivo Olympikus Soma Original,219,90,172,90,,
FILA,Tênis Fila Recovery Masculino Academia - Fitness,299,99,29,08,4.6,(205)
OLYMPIKUS,Tênis Masculino Olympikus Neblina Corrida Treino Dia A Dia,285,90,251,59,,
OLYMPIKUS,Tênis Esportivo Masculino Olympikus Subverse Lançamento Novo,349,99,35,,,
OLYMPIKUS,Tenis Masculino Olympikus Volcan Ultra Leve Para Training,241,16,167,20,4.7,(271)
,Tênis Cross Tryd 5400 Academia Caminhada Confortável Leve,99,99,69,99,4.5,(1513)
,Tênis Masculino Olymp Olimp Space Caminhada Barato Promoção ,78,99,61,93,4.3,(2211)
OLYMPIKUS,Tênis Masculino Olympikus Cyber 4 Original,279,99,197,39,,
UNDER ARMOUR,Tênis Under Armour Charged Quicker Masculino,444,33,349,90,,
OLYMPIKUS,Tenis Masculino Olympikus Urbex,199,90,33,32,5.0,(26)
,Tenis Masculino Olimp Kit 02 Pares Academia Promoção Oferta,139,90,13,60,4.4,(2908)
PLAZA,Kit 2 Tênis Masculino Casual Esportivo Neo Running Academia,125,90,12,24,4.0,(62)
OLYMPIKUS,Olympikus Challenger 4 Masculino Adultos,220,43,31,,4.8,(8)
FILA,Tênis Fila Racer T2 S Masculino Preto/coral,599,90,58,16,,
OLYMPIKUS,Tênis Olympikus Corre 3 Verde Azul E Rosa,499,99,48,47,5.0,(32)
PUMA,Tênis De Corrida Deviate Nitro 2 Masculino Puma Tênis De Cor,1.199,99,119,,5.0,(1)
OLYMPIKUS,Tênis Olympikus Diffuse 5 Masculino - Original,299,99,29,08,,
FILA,Tênis Fila Racer Gripper Masculino Original,329,99,232,53,,
FILA,Tênis De Corrida Masculino Fila Racer Gripper Original,329,99,227,43,,
OLYMPIKUS,Tênis Masculino Olympikus Marte Treino Caminhada Casual,200,90,180,90,,
FILA,Fila Outfield Masculino Adultos,219,99,31,43,4.7,(24)
FILA,Tenis Masculino Fila Progress Confortal Leve - Original,597,85,316,86,4.8,(60)
FILA,Fila Racer Spider Masculino Adultos,311,92,257,53,4.9,(135)
OLYMPIKUS,Tênis Masculino Corrida Olympikus Edição Run Nova Tecnologia,189,99,31,67,,
FILA,Tenis Fila Efect,259,90,32,49,5.0,(3)
OLYMPIKUS,Olympikus Casual Triunfo 2 Masculino Adultos,219,90,164,92,4.8,(326)
FILA,Tênis Fila Masculino Float Elite Corrida ,749,90,457,43,,
NEW BALANCE,Tênis New Balance 411 V3 Masculino,359,90,295,11,,
UNDER ARMOUR,Tenis Under Armour Basket Dagger Preto Verde Ouro,349,90,279,92,,
,Tênis Corrida Bolha Plus 1 Tn Muito Leve Novo Cr7 Mes,399,99,131,99,,
MIZUNO,Tênis Mizuno Jet Classic,99,62,9,,,
,Combo 2 Pares Tênis Jeet Masculino Corrida Caminha Promoção,249,90,150,58,4.3,(523)
,Sapatênis Masculino Em Couro Legitimo Kit Com Relógio Tenis,149,90,77,94,4.2,(11)
FILA,Tenis Fila Racer Wings Masculino-azul/lima,317,99,254,39,,
POLO JOY,Combo 2 Pares Tenis Masculino Polo Joy Sapatenis Casual,199,90,157,70,4.7,(1319)
,Kit 2 Tênis Ferrari New Caminhada Leve Confortável Promoção,259,90,168,93,4.3,(160)
OLYMPIKUS,Tênis Running Masculino Olympikus Pride 3 Azul E Laranja,493,99,49,40,,
ADAPTION,Kit 2 Pares De Tenis Masculino Adaption Academia Limited ,129,90,12,63,4.1,(258)
FILA,Tênis Casual Masculino Euro Jogger Fila Moderno Azul,493,99,49,40,,
MIZUNO,Tenis Esportivo Exclusivo Atividade Fisica Leve Confortavel,149,90,14,57,4.6,(212)
,Kit 3 Tênis Masculino Prospect Fly Oferta Promoção + Relógio,219,90,138,53,,
FILA,Tenis Fila F Virtuous Preto,339,90,33,99,5.0,(2)
,Tenis Masculino Academia Corrida Wave Force Promoção Barato,75,99,7,39,4.3,(331)
OLYMPIKUS,Olympikus Diffuse 4 Masculino Adultos,249,12,31,,5.0,(10)
OLYMPIKUS,Tênis Olympikus Rayo - Masculino Casual Confortável E Leve,259,99,197,59,,
ASICS,Tênis Asics Gel-venture 9 Masculino,599,90,449,92,,
FILA,Tênis Fila Recovery Masculino Preto E Cinza,359,90,35,99,,
ACTVITTA,Tenis Actvitta 4901.200 Masculino,199,90,180,,,
,Tenis Olympikus Cyber Masculino Original Academia Caminhada,237,49,178,60,4.8,(913)
,Tenis Masculino Confortavel Leve Academia Promoçao Original,99,90,79,92,4.5,(125)
REEBOK,Tênis Masculino Royal Complete Sport Reebok Novo,329,99,236,99,4.9,(13)
HAYMAX,Tênis Skatista Masculino Feminino Old School Envio Imediato,99,99,89,99,4.5,(768)
OLYMPIKUS,Tênis Olympikus Volcan Masculino Corrida - Caminhada,222,11,31,73,,
FILA,Tênis Masculino Fila Ride Original,329,99,227,43,5.0,(1)
FILA,Tenis Fila Trend 3.0 Masculino-preto/branco,277,29,221,83,,
FILA,Tênis Racer Gripper Fila Unissex Original ,329,99,237,59,,
NEW BALANCE,Tenis Masculino New Balance Bb80 Ergonômico Leve - Original,409,40,323,31,,
UNDER ARMOUR,Tênis Under Armour Charged Beat Masculino Esportivo,444,33,349,90,,
BF SHOES,Tênis Esportivo Masculino Para Malhar Confortável Lançamento,78,90,69,90,4.5,(1847)
,Tênis Esporte Masculino Amortecedor Gel Conforto Academia,89,90,67,42,4.4,(500)
OLDSEN,Tenis Masculino Lançamento Original Confortavel Tecido 38-45,78,95,75,29,4.3,(497)
OLYMPIKUS,Tenis Masculino Olympikus Perfect 3 Preto/chumbo,233,32,186,65,4.7,(7)
MIZUNO,Mizuno Wave Prophecy X Masculino Adultos,255,80,91,92,3.3,(59)
FILA,Tênis Fila Masculino Efecto Treino Academia Caminhada Preto,319,90,268,71,,
FILA,Tênis Fila Masculino Trend 3.0 Treino Caminhada Casual,319,90,278,31,,
,"Tenis Esportivo Feminino Masculino,resistente, Confortavel!",69,90,6,79,4.5,(91)
DM DAMANDO,Tenis Masculino Academia Para Treino Em Nylon Leve,69,90,6,79,3.7,(6)
FILA,Tênis De Caminhada Masculino Fila Ride Original,329,99,227,43,5.0,(3)
ASCENSION,Tenis Esportivo Masculino Treino Academia Leve Confortável,150,50,30,10,,
DM DAMANDO,Combo Tênis Masculino Para Treino Academia Corrida 3 Pares,199,90,33,32,4.5,(11)
FILA,Tênis Fila Masculino Trend 3.0 Treino Caminhada Casual,319,90,281,51,,
OLYMPIKUS,Tenis Masculino Olympikus Beats Macio Flexivel - Original,292,44,239,40,5.0,(30)
TAYGRA,Tênis Taygra Conforto Original + Brinde Unissex Várias Cores,179,90,17,49,4.8,(94)
,Tênis Meia Masculino E Feminino Sem Cadarço Confortável,62,90,59,75,4.7,(155)
FILA,Tênis Fila Ride Masculino / Feminino - Original ,329,99,227,43,,
OLYMPIKUS,Tênis Running Masculino Olympikus Asfalto Preto,345,75,34,58,,
MIZUNO,Mizuno Wave Dynasty 5 Masculino Adultos,379,20,294,99,4.7,(884)
,Tênis Olimpikus Masculino Feminino Difuse Flash Promoção,96,49,9,38,4.1,(183)
MIZUNO,Tênis Feminino Ou Masculino Academia Promoção Pronta Entrega,98,50,32,83,4.3,(1329)
,Kit Tênis De Corrida Masculino Academia Leve + Relógio,99,90,9,71,4.4,(252)
OLYMPIKUS,Tênis Masculino Olympikus Volcan Lançamento Original,211,10,170,99,4.6,(8)
,Tenis Sapatilha Neoprene Bike Pesca Unissex Top Promoção ,52,33,17,,4.6,(479)
,Tenis Corrida Masculino Leve E Confortavel Lançamento Verão,109,90,36,63,,
FILA,Tênis Para Corrida Masculino Performance Fila Float Elite ,749,90,449,94,,
OLYMPIKUS,Mega Oferta Olympikus Neblina C/ Nf Lucaisane Tênis,259,99,25,21,4.6,(28)
ASICS,Tênis Asics Masculino Feminino Varias Cores Do 34 Ao 43,99,99,9,72,4.1,(476)
MIZUNO,Mizuno Jet 6 Masculino Adultos,329,80,197,88,4.7,(172)
FILA,Tênis Fila Masculino Recovery Corrida Caminhada Confortável,399,90,355,91,,
OLYMPIKUS,Tênis Olympikus Masculino Voa 2 - Original,299,99,33,33,,
OLYMPIKUS,Tênis Olympikus Running Masculino Venum Marinho E Limão,283,99,255,60,,
PUMA,Tênis De Corrida Puma Flyer Runner Mesh Bdp Original,329,90,245,12,,
OLYMPIKUS,Olympikus Corre Vento 2 Masculino Adultos,439,90,396,60,5.0,(8)
FILA,Tênis Fila Ride Masculino Original ,329,99,227,43,5.0,(1)
EVOLTENN,Kit 3 Tênis Desportivo Solado Trançado Macio Envio Imadiato,189,90,170,91,4.0,(28)
OLYMPIKUS,Tênis Olympikus Lap Preto Original,149,90,37,48,4.7,(65)
OUSY SHOES,Tênis Caminhada Training Leve Confortável Masculino 2019,78,90,61,75,4.5,(63)
OLYMPIKUS,Tênis Olympikus Neblina Masculino,279,90,31,10,4.5,(15)
ADAPTION,Kit 2 Tenis Masculino Academia Caminhada Promoção + Relogio,139,90,13,60,4.0,(27)
FILA,Tênis Running Masculino Recovery Fila Original Prata,379,99,334,39,5.0,(3)
REPLAY,Tênis Repplay Rp410 Masculino Lançamento Liquidação,129,25,32,,,
OLYMPIKUS,Olympikus Aros Masculino Adultos,439,90,270,18,5.0,(9)
SCHIARELI,Tênis Confortavel Esportivo Leve Macio Varias Cores,139,90,34,98,4.7,(46)
MIZUNO,Tênis Masculino Wave Creation Treino Macio Original Promoção,199,90,129,93,3.5,(11)
BOX200,Tênis Masculino Tamanho Especial Esporte Caminhada Box 200,89,90,76,41,4.5,(577)
,Tênis Esporte Masculino Amortecedor Gel Conforto Academia,89,90,67,42,4.4,(500)
OLDSEN,Tenis Masculino Lançamento Original Confortavel Tecido 38-45,78,95,75,29,4.3,(497)
MIZUNO,Tenis Mizuno Victory Rsp Chumbo Vermelho,416,90,333,52,,
FILA,Tênis Fila Efecto,299,90,33,32,5.0,(1)
FILA,Tênis Fila Masculino Esportivo Diversas Opções - Oferta,249,99,224,99,,
MIZUNO,Tenis Mizuno Wave Falcon 5 Marino,319,98,255,98,5.0,(1)
,Tênis Olympikus Corre 3 Corrida Unissex + 1 Par De Meias ,529,99,51,38,,
,Kit Combo 2 Tenis Masculino Olimp Treino Caminhada Oferta,144,90,14,08,,
WAVE,Kit Com 3 Pares Super Promoção Tênis Esportivo Molas Creatio,218,90,31,27,4.1,(50)
,Tênis Esportivo It Shoes Amortecedor Gel Masculino,78,90,7,67,4.5,(544)
ASICS,Tênis Masculino Asics Gel Revelation Original Corrida Ful,349,90,129,46,,
OLYMPIKUS,Tênis Olympikus Jogging 0100 33/44,187,30,168,36,4.7,(158)
PUMA,Tenis Masculino Puma Wired Run Softfoam Oftfoam - Original,369,99,236,79,,
OLYMPIKUS,Tênis Masculino Olympikus Index 3,209,50,34,92,,
ULTRABONE,Tênis Unissex Ultrabone Corrida Caminhada Ultra Leve E Macio,149,90,37,48,,
FILA,Fila Cage Python Masculino Adultos,199,90,19,43,4.5,(196)
RAINHA,Tênis Chuteira Futsal Futebol Salão Corrida Academia Macio,108,70,98,91,4.3,(207)
NEW BALANCE,Tênis New Balance 997s Sport Exclusivo Lançamento ,209,07,198,61,,
FILA,Tênis Fila Masculino Esportivo Extra Treino Confortável,319,90,275,11,,
PUMA,Tênis Puma Masculino Viz Runner V2 Bdp Corrida Treino,589,90,501,41,,
OLYMPIKUS,Tenis Masculino Olympikus Cristal Corrida Sanat Sports,249,90,189,92,4.9,(28)
FILA,Tenis Fila Efecto Masculino-grafite/prata/preto,299,90,239,92,,
MIZUNO,Tênis Mizuno Wave Creation 20 Original Academia Caminhada,199,90,129,93,,
OLYMPIKUS,Tênis Olympikus Marte Corrida Caminhada Confortável Unissex,209,90,180,51,5.0,(2)
UNDER ARMOUR,Tênis Under Armour Charged Skyline 4 Masculino- Preto,379,90,36,83,,
OLYMPIKUS,Tênis Olympikus Ultraleve 237g,178,24,160,20,,
OLDSEN,Tênis Masculino Jaguar Oldsen Treino Corrida Promoção Top,59,90,5,82,4.7,(19)
,Tênis Masculino Hot Sol Numero Especial 38 Ao 43 Academia,104,90,34,97,4.7,(7)
OLYMPIKUS,Tênis Olympikus Challenger 4 Hypersox Eleva+ Original,239,90,23,32,,
FILA,Tênis Fila Ride Unissex Original ,329,99,234,29,,
EVOLTENN,Kit Três Tênis Desportivo De Corrida Para Academia Promoção,198,90,179,01,4.6,(159)
OLYMPIKUS,Tênis Olympikus Corre Grafeno 2 Laranja,799,90,77,55,,
OLYMPIKUS,Tenis Olympikus Masculino Feminino 34 Ao 43 Pronta Entrega,109,99,10,69,4.3,(836)
OLYMPIKUS,Tênis Olympikus Perfect 4 Masculino,329,90,31,98,,
SAPATOFRAN,Tênis Confortável Esportivo Academia Com Fone De Ouvido,149,90,128,91,,
UNDER ARMOUR,Tenis Under Armour Tribase Lift Verde Preto,480,23,384,,,
PUMA,Tênis Puma Masculino Cell Divide V2 Bdp Para Corrida,589,90,442,42,,
GP,Kit Tenis Polo Corrida Masculino + Relógio Promoção,100,33,33,,,
ASICS,Tênis   Asics Masculino Gel-shogun 6 Original,499,99,394,99,,
FILA,Tênis Fila Arcade Vlc Infantil,285,90,237,76,,
,Tenis Masculino  Academia Confortável Caminhada Macio Barato,84,20,79,99,4.4,(35)
,Tênis Caminhada Confortavel Style,76,90,7,47,,
,Tênis Olympikus Proof 3 Masculino Original Esportivo N* 48,199,99,189,99,4.9,(55)
BURCOLLI,Tênis Sapatilha Masculina Aquática Ciclista Trilha Bike,46,12,4,47,4.5,(37)
OLYMPIKUS,Oferta Olympikus Cyber 3 Preto/ Dourado C/nf Lucaisane Tênis,219,99,21,38,4.9,(21)
ADAPTION,Kit 2 Pares Tenis + Relogio Brinde Academia Caminhada Leve,129,90,12,63,4.4,(82)
,Tênis Advanced Masculino Adulto Leve Ultra Confortável Ga060,78,90,7,67,4.9,(7)
OLDSEN,Tenis Masculino Oldsen Jaguar De Corrida Original Promoçao,59,90,5,82,4.2,(54)
OLYMPIKUS,Olympikus Jogging 101 Masculino Adultos,190,47,18,,4.6,(1495)
UNDER ARMOUR,Tênis Under Armour Charged Skyline 4 Masc - Branco/cinza,379,90,36,83,,
OLYMPIKUS,Tênis Esportivo Masculino E Feminino Asfalto Olympikus,279,99,152,99,4.9,(205)
NEW BALANCE,Tênis Masculino New Balance 247 Original Leve Novo Macio Ful,349,90,139,96,3.5,(8)
ASICS,Tênis Masculino Asics Gel Revelation Original Corrida Ful,349,90,129,46,,
,Tênis Corrida Bolha Plus 1 Tn Muito Leve Novo Cr7 Neymar,399,99,131,99,,
WEST,Tênis Kit 2 Pares Mizwest 20 Promoção Masculino Garantia !!1,155,90,15,15,4.0,(302)
WAVE,Kit Com 3 Pares Super Promoção Tênis Esportivo Molas Creatio,218,90,31,27,4.1,(50)
,Tênis Masculino Balance Corrida Leve 12 Mola,119,90,99,51,5.0,(2)
ASICS,Tênis Asics Revelation Original Corrida Macio Envio Imediato,249,91,99,96,4.8,(12)
NEW BALANCE,Ténis Masculino New Balance 997s Original Apronta Entrega,234,99,195,04,4.0,(41)
OLYMPIKUS,Tenis Olympikus Diffuse Masculino Feminino Do 34 Ao 43,109,99,10,69,4.4,(125)
FILA,Fila Racer Carbon 2 Masculino Adultos,1.099,90,109,,5.0,(2)
NEW BALANCE,Tênis Masculino New Balance 247 Promoção Academia Oferta,349,90,139,96,4.3,(12)
WAVE,Kit 3 Pares Tênis Wave Creation 20 Academia Molas Promoção,219,90,31,41,,
OLYMPIKUS,Tênis Olympikus Corre 3,499,99,50,,4.9,(9)
STYLL BABY,Tênis Mizun Styll Wave Creation 20 Masculino Tamanho 38 A 45,99,90,33,30,4.4,(17)
NEW BALANCE,Tênis Masculino New Balance 247 Couro Academia Caminhada,299,90,128,95,5.0,(2)
,Tênis Masculino Ferrari New Caminhada Confortável Promoção,239,90,119,95,,
OLYMPIKUS,Tênis Masculino Olympikus Volcan Academia Corrida Original,249,99,189,99,5.0,(5)
,Tênis Masculino Exclusivo Sport New Balance 997s Lançamento,209,99,191,09,,
,Tênis Mizun Propheency Ls 8 X Novidade Promoção Frete Off,152,98,145,33,,
MIZUNO,Tênis Mizuno Jet Classic,109,90,36,63,,
ASICS,Tênis Asics Gel Original Leve Macio Academia Treino Corrida,159,90,31,98,4.1,(18)
ASICS,Tênis Masculino Asics Revelation Academia Treino Macio ,249,92,99,96,3.4,(14)
,Tenis Casual Old Masculino Leve Confortavel,79,90,26,63,,
,Combo 2 Pares Tênis Masculino Esportivo Academia + Relógio,99,90,33,30,4.0,(1)
CREATION,Tênis Creation 20 Masculino Oferta 2 Pares Combo Promoção,149,50,37,38,4.5,(21)
WAVE,Combo 3 Tênis Masculino Esportivo Promoção Wave Creation,218,90,31,27,3.8,(53)
ASICS,Tênis Asics Gel Revelation Original Couro Academia Caminhada,249,92,99,96,,
MZ,Tênis Feminino Mizuno Jet Promoção Caminhada Crossfit Run,79,90,26,63,,
VANS,Tênis Macio Confortável Ultrarange Vr3 Marshmallow Envio Ja,499,86,164,95,,
OLYMPIKUS,Tenis Esportivo Masculino Feminino Barato Leve E Resistente,109,90,97,81,4.1,(442)
,Olympikus Difuse 2 Sem gênero Adultos,79,,,,3.0,(7)
MIZUNO,Tênis Masculino Creation Molas Corrida Lançamento Oferta,199,90,129,93,,
MIZUNO,Tenis Nirvana 9 Academia/caminhada Run Wr !!!,149,99,14,58,4.5,(1375)
,Tenis Masculino Casual Elástico Confortavel Lançamento ,199,90,33,32,4.8,(10)
SKECHERS,Tênis Skechers Go Walk 6 Easy On Slip-ins Masculino 216278,510,21,51,02,,
,Tênis Refletivo 12 Molas Masculino & Feminino Amortecimento ,119,90,39,97,4.6,(58)
OLYMPIKUS,Tênis Masculino Olympikus Original Academia Leve Macio Novo,349,90,118,96,3.8,(12)
MIZUNO,Tênis Esportivo Pro 8 Wave Preto Refletivo Conforto E Estilo,391,03,39,10,,
OLYMPIKUS,Tenis Feminino E Masculino Confortável Para Esportes Oferta,199,90,99,95,,
ASICS,Tênis Asics Gel Sendai Couro Leve Macio Promoção Garantia,99,90,33,30,,
ASICS,Tênis Asics Gel Sendai Couro Leve Macio Promoção Garantia,299,90,125,95,,
ASICS,Tênis Asics Masculino Feminino Academia Entrega Rápida,249,90,97,46,,
OLYMPIKUS,Tênis Olimpikus Olympikus  Confortavel Envio Imediato Leve,99,99,9,72,4.1,(123)
NEW BALANCE,Tênis Masculino New Balance 247 Original Envio Imediato Ful,349,90,139,96,,
,Sapatilha Híbrida Água Ciclismo Pesca Trilha ,132,90,33,22,4.6,(8)
UNDER ARMOUR,Tênis De Corrida Under Armour Charged Starlight,199,99,33,33,4.9,(7)
ASICS,Tênis Asics Masculino Feminino Academia Promoção Aproveite,249,90,97,46,,
VANS,Tênis Macio Confortável Ultrarange Vr3 Marshmallow Frete Off,499,86,164,95,,
ULTRABONE,Tênis Unissex Academia Leve Macio Basico Caminhada Fitness ,70,01,23,34,,
CREATION,3 Pares Tênis Confortável Creation 20 Oferta Ótima Qualidade,197,90,32,98,4.7,(34)
